Country,Value
Paraguay,93
Philippines,26
Honduras,23
Brazil,40
China,81
France,58
Brazil,54
China,44
China,70
Czech Republic,57
Afghanistan,21
Brazil,14
Honduras,25
Azerbaijan,30
Russia,15
Japan,55
United States,1
Sweden,52
China,44
China,39
Poland,84
Brazil,41
Indonesia,80
China,48
Laos,12
Sweden,76
Nicaragua,3
Peru,70
Russia,26
Israel,10
Syria,77
Japan,9
Russia,81
Macedonia,3
Cuba,89
Indonesia,28
Venezuela,6
China,49
China,17
Indonesia,92
China,98
Bosnia and Herzegovina,59
Palestinian Territory,28
China,50
Japan,31
Pakistan,37
Macedonia,91
Thailand,57
Palestinian Territory,26
China,67
Bangladesh,45
South Africa,15
Greece,12
Canada,46
China,87
China,8
China,24
Nigeria,92
Sweden,1
Mexico,49
Kosovo,73
Canada,14
Russia,12
Peru,7
China,64
Hungary,77
Peru,82
Philippines,80
Portugal,53
Paraguay,16
Indonesia,39
Bangladesh,55
Georgia,53
Russia,30
Germany,44
Mozambique,8
Thailand,52
China,41
Malta,56
Gambia,31
Brazil,46
China,3
Indonesia,5
Syria,75
Indonesia,66
Brazil,14
China,87
Japan,69
Thailand,34
China,80
Mexico,1
Czech Republic,51
China,3
Indonesia,1
Central African Republic,42
Vietnam,93
Russia,43
Philippines,28
Philippines,71
Poland,76
France,62
France,60
Philippines,79
Qatar,74
Guatemala,15
Greenland,83
Russia,5
France,17
France,35
Mexico,81
Indonesia,16
Indonesia,80
Portugal,48
Sweden,42
United Kingdom,88
Philippines,14
Philippines,57
United States,13
Mexico,100
Colombia,70
United States,52
Ukraine,98
United States,58
Peru,84
China,70
Belarus,16
Czech Republic,64
Russia,61
Indonesia,52
Malaysia,31
China,20
China,55
China,46
New Zealand,99
Thailand,2
Russia,6
China,38
Peru,3
Indonesia,43
Argentina,5
Croatia,18
Ukraine,40
Paraguay,49
China,100
Sweden,73
France,99
Brazil,30
Russia,13
Sweden,73
China,86
Argentina,89
Colombia,96
China,24
Panama,66
China,18
United States,44
Brazil,71
Portugal,88
Bulgaria,82
China,69
Kyrgyzstan,33
Russia,75
China,37
Kenya,79
Morocco,38
China,7
Poland,22
Russia,80
Turkmenistan,77
Iran,43
Philippines,26
Indonesia,16
Czech Republic,65
Indonesia,43
Indonesia,77
Thailand,52
Bangladesh,81
Venezuela,25
Thailand,43
China,88
Belarus,8
Indonesia,95
Portugal,14
China,2
Russia,57
Vietnam,82
Japan,31
Colombia,94
Japan,26
Czech Republic,72
Indonesia,55
Philippines,29
China,34
China,27
Canada,12
Czech Republic,55
Greece,49
Greece,70
China,3
China,43
China,52
China,83
Indonesia,100
Brazil,60
Philippines,82
Italy,41
Gambia,74
United States,78
China,90
Venezuela,65
Cuba,39
Kyrgyzstan,96
Finland,60
Portugal,42
Spain,82
Uruguay,65
Russia,5
Latvia,93
Portugal,6
Norway,30
Syria,9
Brazil,93
France,45
United States,21
Japan,18
North Korea,25
Finland,67
Somalia,45
United Kingdom,24
Russia,16
Sweden,21
Brazil,19
Serbia,34
Afghanistan,23
Venezuela,50
Kazakhstan,18
Portugal,28
Russia,60
Nigeria,18
China,15
China,6
Poland,51
China,79
Portugal,55
Philippines,46
China,16
Russia,94
China,43
Czech Republic,25
China,68
South Africa,35
Serbia,70
Czech Republic,71
Uganda,27
China,95
Brazil,100
Bolivia,100
China,31
Russia,96
China,70
Indonesia,56
Albania,83
China,78
Japan,82
Dominican Republic,33
Russia,96
Argentina,89
United States,31
China,36
Greece,2
Poland,63
Honduras,91
France,19
Croatia,59
Cameroon,69
Philippines,76
Russia,17
China,76
Indonesia,92
China,91
Germany,81
Norway,14
Portugal,31
Nigeria,35
Colombia,37
Portugal,6
France,58
China,45
Ukraine,85
Russia,17
Indonesia,45
Indonesia,56
Republic of the Congo,83
Philippines,69
Thailand,57
China,93
Portugal,45
Philippines,13
Morocco,66
China,9
China,4
China,89
Brazil,74
Dominican Republic,65
Brazil,32
Indonesia,49
Bosnia and Herzegovina,42
Canada,11
Zambia,14
China,53
China,33
Comoros,94
Thailand,82
China,71
Benin,71
China,89
Indonesia,32
Japan,20
Colombia,47
Brazil,45
Paraguay,92
Portugal,11
Philippines,87
China,47
China,92
Philippines,64
Brazil,19
South Africa,41
China,51
Malaysia,69
Zimbabwe,91
Tanzania,32
Spain,75
Albania,68
Indonesia,73
France,61
Panama,75
Pakistan,88
Russia,58
China,97
Philippines,15
Philippines,11
Portugal,5
Philippines,25
Sweden,97
Zambia,79
Libya,66
Sweden,36
Sweden,13
Thailand,71
Malaysia,68
Philippines,78
Ireland,53
Iran,70
France,53
China,4
Madagascar,27
Philippines,23
Japan,40
Pakistan,20
China,98
China,48
Philippines,54
China,45
China,81
United States,25
China,11
China,55
Russia,18
Italy,35
Tunisia,49
Spain,33
Poland,56
South Africa,45
Poland,49
Poland,60
Russia,63
Finland,64
Indonesia,28
Indonesia,42
China,20
Malaysia,67
China,92
Indonesia,21
China,47
China,75
Philippines,86
China,47
China,74
Colombia,64
Uganda,61
Indonesia,8
Indonesia,33
Russia,56
Indonesia,78
Portugal,71
Indonesia,69
Russia,69
China,3
Brazil,94
Macedonia,80
China,27
Canada,75
Morocco,89
Philippines,98
Kuwait,45
Vietnam,15
China,25
Russia,18
Brazil,9
Kenya,50
United States,95
Indonesia,39
Portugal,96
Thailand,38
Serbia,41
China,37
Colombia,20
Iran,5
Portugal,25
Lithuania,53
Georgia,100
China,67
Poland,50
Indonesia,46
Poland,54
China,17
United States,64
Dominican Republic,78
Sweden,60
Morocco,24
China,92
United States,85
Philippines,53
Kosovo,44
Portugal,41
France,35
Russia,95
United States,54
Mexico,71
Belarus,42
Greece,90
Germany,41
Syria,6
Argentina,73
Indonesia,15
Colombia,91
Portugal,39
China,18
South Africa,25
China,59
Palestinian Territory,24
Poland,94
Colombia,53
Peru,39
Indonesia,63
Colombia,46
Netherlands,21
Panama,7
Russia,93
China,98
Indonesia,58
Portugal,100
China,70
Indonesia,35
Philippines,71
Russia,74
Sweden,20
Poland,92
China,44
Kyrgyzstan,33
Panama,94
Indonesia,67
Denmark,46
United States,76
Sweden,30
Brazil,86
China,59
Guam,11
United Kingdom,86
China,84
Russia,5
Vietnam,78
Philippines,78
China,98
China,58
China,88
Sweden,85
Canada,66
China,27
Colombia,61
China,16
South Africa,100
Ukraine,42
Portugal,42
China,21
Portugal,54
Israel,77
Bosnia and Herzegovina,19
China,76
Poland,41
Portugal,36
Spain,34
Sweden,25
China,40
Japan,2
China,69
Canada,48
Thailand,76
Japan,4
Brazil,37
China,83
China,43
Morocco,24
Colombia,29
Indonesia,46
Colombia,15
Philippines,11
Afghanistan,25
Indonesia,24
Russia,28
France,100
China,25
China,69
Czech Republic,97
United States,33
Philippines,83
Philippines,19
France,27
Philippines,19
Ukraine,97
Indonesia,15
Sweden,97
Bosnia and Herzegovina,40
China,79
Palestinian Territory,45
Mongolia,75
Sweden,22
Bulgaria,89
Philippines,98
Brazil,94
China,27
Burundi,84
China,33
Finland,66
China,46
China,70
Peru,15
Indonesia,58
Portugal,17
Russia,56
Indonesia,9
Isle of Man,85
Indonesia,8
Kazakhstan,13
North Korea,56
China,96
China,3
Tanzania,9
Brazil,2
Poland,66
Nigeria,95
China,73
China,7
Russia,71
Indonesia,76
Russia,28
Ukraine,74
China,9
Indonesia,26
Russia,91
China,11
Nigeria,71
Russia,18
Kazakhstan,89
France,100
El Salvador,40
Panama,4
Venezuela,47
Indonesia,100
Indonesia,84
China,86
Belize,97
China,85
Peru,45
China,85
United States,13
Peru,92
Norway,37
Serbia,47
South Africa,98
Croatia,75
Philippines,60
China,83
China,99
Pakistan,3
Belarus,60
Nigeria,79
Indonesia,90
Peru,79
Qatar,69
China,33
Aland Islands,12
Zimbabwe,52
Czech Republic,15
China,86
China,76
Russia,55
Russia,91
Brazil,54
Indonesia,43
China,78
Indonesia,64
France,47
Bosnia and Herzegovina,85
Belarus,95
Peru,9
Canada,45
Russia,33
Vietnam,51
Japan,90
China,9
Netherlands,17
Mauritius,60
Portugal,42
Poland,45
Guatemala,44
Tunisia,77
Tajikistan,69
Philippines,32
Dominica,1
Brazil,42
Philippines,17
Indonesia,65
Japan,90
China,55
Iran,41
China,54
Cuba,41
Mexico,78
Czech Republic,59
Czech Republic,57
Indonesia,54
Philippines,43
Colombia,66
Poland,83
Armenia,71
China,12
Thailand,73
Norway,6
Belgium,2
Indonesia,4
China,10
Indonesia,95
China,75
Indonesia,98
Indonesia,29
Portugal,33
South Africa,16
Lithuania,19
Poland,63
Brazil,68
Cuba,61
Poland,85
China,3
Norway,60
Comoros,43
China,16
China,96
Philippines,18
Indonesia,77
Honduras,99
Honduras,59
Brazil,55
Sweden,84
Sweden,7
China,6
Azerbaijan,95
China,71
Peru,11
China,20
Syria,85
Poland,70
Philippines,31
Poland,33
South Africa,83
China,12
Indonesia,30
Russia,27
Indonesia,91
Argentina,73
Nicaragua,7
Zimbabwe,59
Russia,76
Haiti,20
Czech Republic,60
Indonesia,29
Argentina,19
Macedonia,11
Micronesia,99
Luxembourg,56
Tunisia,35
Kazakhstan,52
Russia,19
Portugal,2
Peru,71
Yemen,38
Finland,97
China,81
Argentina,50
China,70
Hungary,46
Indonesia,60
Thailand,26
Sweden,4
Russia,40
Canada,29
Thailand,47
Ukraine,58
China,61
Brazil,15
Indonesia,29
Vietnam,83
China,31
Greece,60
Indonesia,86
Portugal,55
Russia,28
Philippines,21
Philippines,98
Sudan,38
Tanzania,22
Poland,90
Liberia,4
Czech Republic,25
United States,27
Indonesia,78
Poland,38
Russia,45
United States,47
Brazil,52
Iran,56
Indonesia,21
Colombia,59
China,28
Brazil,61
Argentina,75
Afghanistan,67
Vietnam,66
Poland,94
Portugal,83
Azerbaijan,59
China,29
France,83
Ireland,99
Iran,57
Philippines,24
Japan,68
Venezuela,55
China,74
China,52
Mexico,31
Ethiopia,90
France,6
Philippines,24
China,43
China,2
China,23
China,5
Indonesia,67
Iran,23
Canada,81
China,77
Greece,60
Brazil,68
Israel,59
Cuba,31
Somalia,31
Indonesia,77
China,75
Vietnam,51
Philippines,94
Brazil,61
Norway,20
France,64
Philippines,57
Colombia,48
Russia,75
Philippines,25
Bhutan,22
Indonesia,15
United States,87
Colombia,21
Poland,71
Brazil,30
Russia,70
China,91
China,88
China,57
Mozambique,29
Tanzania,25
Tanzania,68
Yemen,74
Ukraine,74
China,28
China,69
Indonesia,86
Burkina Faso,29
Indonesia,10
Brazil,8
Guyana,100
Malaysia,34
Indonesia,47
United States,17
China,14
Palestinian Territory,40
Philippines,68
Portugal,96
Indonesia,67
Peru,80
Indonesia,20
Papua New Guinea,11
Peru,57
Argentina,78
Panama,39
France,41
Brazil,8
Mexico,90
Japan,45
Ukraine,54
Solomon Islands,48
Peru,54
Poland,74
Cuba,66
Pakistan,29
Sudan,68
China,99
Mauritius,53
Indonesia,42
China,18
Indonesia,51
Colombia,19
Indonesia,98
Indonesia,75
Czech Republic,7
Indonesia,50
Portugal,7
Nigeria,98
China,36
Lithuania,76
Brazil,32
Indonesia,54
Sweden,8
United States,29
Thailand,72
Saudi Arabia,17
Brazil,93
Uganda,99
Albania,2
Sweden,54
Colombia,62
Sweden,51
Indonesia,89
China,29
France,89
Russia,72
Guatemala,74
Indonesia,60
Czech Republic,83
Macedonia,66
China,61
Indonesia,44
Pakistan,45
China,25
Philippines,98
Philippines,83
Czech Republic,53
Kuwait,65
United States,48
Vietnam,43
Indonesia,56
Bangladesh,72
Japan,35
Argentina,10
China,22
Macedonia,72
China,99
Madagascar,43
Poland,66
Canada,93
Ukraine,67
Nigeria,50
Indonesia,33
Morocco,69
Cape Verde,8
Norway,55
Indonesia,17
Sweden,75
Cuba,50
Nepal,75
Czech Republic,42
Portugal,88
Philippines,64
China,11
Spain,11
Ukraine,36
Belarus,9
Brazil,17
Brazil,15
Indonesia,13
Philippines,31
Argentina,87
Russia,25
Indonesia,16
China,49
China,49
Chad,7
Indonesia,62
Czech Republic,8
Greece,70
Nigeria,12
China,7
Greece,76
China,44
France,67
China,38
China,81
Pakistan,20
Peru,74
Morocco,25
China,49
China,15
Portugal,5
Japan,54
Peru,38
Niger,58
China,42
Philippines,49
Ireland,72
Poland,83
Bangladesh,33
Poland,54
Russia,29
Ivory Coast,100
Honduras,75
Philippines,9
Indonesia,83
China,69
Portugal,91
Russia,34
Indonesia,19
Greece,16
Spain,4
China,53
China,96
Afghanistan,11
China,89
China,97
Indonesia,13
United States,80
Ukraine,36
China,96
Russia,42
Ukraine,39
Morocco,39
Portugal,26
Japan,84
France,6
Russia,83
Peru,3
United States,35
Estonia,48
China,23
Indonesia,95
Moldova,81
Greece,27
Peru,31
Japan,96
Argentina,19
Brazil,61
Chile,7
Macedonia,65
Greece,44
Colombia,82
China,80
Chile,2
Thailand,37
Ecuador,44
Mongolia,67
Portugal,55
France,64
Sweden,94
China,81
Russia,48
China,72
Tanzania,41
Ecuador,60
Colombia,13
Cameroon,24
Nigeria,60
